,aLund,bLund,rFactC,rFactB,aExtraSQuark,aExtraDiquark,sigma,enhancedFraction,enhancedWidth,ProbStoUD,probQQtoQ,probSQtoQQ,ProbQQ1toQQ0,alphaSvalue,pTmin
0,0.7524796857166851,1.0498405286519588,1.380340215435916,0.8192060014124504,0.0,0.9317752257993167,0.31663656546689334,0.0,1.9399369478416235,0.21709316219921101,0.10432120755832927,0.949422310867615,0.16435294304018638,0.13793011517238107,0.49594115994581334
